careerPathID,pathName,province
1,Cybersecurity Focus,Alberta
2,I&C to Cybersecurity,Alberta
3,Cybersecurity Focus with Education,Alberta
4,Cybersecurity Focus,British Columbia
5,I&C to Cybersecurity,British Columbia
6,Cybersecurity Focus with Education,British Columbia
7,Cybersecurity Focus,Manitoba
8,I&C to Cybersecurity,Manitoba
9,Cybersecurity Focus with Education,Manitoba
10,Cybersecurity Focus,New Brunswick
11,I&C to Cybersecurity,New Brunswick
12,Cybersecurity Focus with Education,New Brunswick
13,Cybersecurity Focus,Newfoundland and Labrador
14,I&C to Cybersecurity,Newfoundland and Labrador
15,Cybersecurity Focus with Education,Newfoundland and Labrador
16,Cybersecurity Focus,Nova Scotia
17,I&C to Cybersecurity,Nova Scotia
18,Cybersecurity Focus with Education,Nova Scotia
19,Cybersecurity Focus,Ontario
20,I&C to Cybersecurity,Ontario
21,Cybersecurity Focus with Education,Ontario
22,Cybersecurity Focus,Prince Edward Island
23,I&C to Cybersecurity,Prince Edward Island
24,Cybersecurity Focus with Education,Prince Edward Island
28,Cybersecurity Focus,Saskatchewan
29,I&C to Cybersecurity,Saskatchewan
30,Cybersecurity Focus with Education,Saskatchewan